<?xml version="1.0" encoding="UTF-8"?>
<beans xmlns="http://www.springframework.org/schema/beans"
	xmlns:xsi="http://www.w3.org/2001/XMLSchema-instance" xmlns:context="http://www.springframework.org/schema/context"
	xmlns:mvc="http://www.springframework.org/schema/mvc"
	xsi:schemaLocation="http://www.springframework.org/schema/beans   
    http://www.springframework.org/schema/beans/spring-beans.xsd  
    http://www.springframework.org/schema/context
    http://www.springframework.org/schema/context/spring-context.xsd 
    http://www.springframework.org/schema/mvc
    http://www.springframework.org/schema/mvc/spring-mvc.xsd">

	<!-- 注解扫描包,controller都放在com.sgm.controller包下 -->
	<context:component-scan base-package="com.sgm.controller" />

	<!-- 开启注解 -->
	<mvc:annotation-driven enable-matrix-variables="true" />

	<!-- 静态资源(js/image)的访问 -->
	<mvc:resources location="/js/" mapping="/js/**" />

	<!-- 定义视图解析器 -->
	<bean id="viewResolver"
		class="org.springframework.web.servlet.view.InternalResourceViewResolver">
		<property name="prefix" value="/"></property>
		<property name="suffix" value=".jsp"></property>
	</bean>
</beans> 