<?xml version="1.0" encoding="UTF-8"?>
<beans xmlns="http://www.springframework.org/schema/beans"
	xmlns:xsi="http://www.w3.org/2001/XMLSchema-instance" xmlns:context="http://www.springframework.org/schema/context"
	xmlns:mvc="http://www.springframework.org/schema/mvc"
	xsi:schemaLocation="http://www.springframework.org/schema/beans   
    http://www.springframework.org/schema/beans/spring-beans.xsd  
    http://www.springframework.org/schema/context
    http://www.springframework.org/schema/context/spring-context.xsd 
    http://www.springframework.org/schema/mvc
    http://www.springframework.org/schema/mvc/spring-mvc.xsd">

	<!--读取外部的属性文件配置参数 -->
	<context:property-placeholder location="classpath:com/sgm/spring/db.properties" />
	<!-- 配置数据源 -->
	<bean id="dataSource" class="org.apache.commons.dbcp2.BasicDataSource"
		destroy-method="close">
		<property name="url" value="${url}" />
		<property name="driverClassName" value="${driverClassName}" />
		<property name="username" value="${username}" />
		<property name="password" value="${password}" />
		<property name="maxIdle" value="${maxIdle}" />
		<property name="minIdle" value="${minIdle}" />
	</bean>

	<!-- 配置SessionFactory -->
	<bean id="sessionFactory"
		class="org.springframework.orm.hibernate5.LocalSessionFactoryBean">
		<property name="dataSource" ref="dataSource" />
		<property name="hibernateProperties">
			<props>
				<prop key="hibernate.dialect">org.hibernate.dialect.MySQLDialect</prop>
				<prop key="hibernate.hbm2ddl.auto">update</prop>
				<prop key="hibernate.show_sql">true</prop>
				<prop key="hibernate.format_sql">true</prop>
			</props>
		</property>
		<property name="annotatedClasses">
			<list>
				<!-- 对象和表的注解映射 -->
				<value>com.sgm.entity.User</value>
			</list>
		</property>
	</bean>

	<!--解析返回JSON -->
	<bean id="jsonConverter"
		class="org.springframework.http.converter.json.MappingJackson2HttpMessageConverter">
		<property name="supportedMediaTypes">
			<list>
				<value>text/html;charset=UTF-8</value>
			</list>
		</property>
	</bean>
	<bean
		class="org.springframework.web.servlet.mvc.method.annotation.RequestMappingHandlerAdapter">
		<property name="messageConverters">
			<list>
				<ref bean="jsonConverter" />
			</list>
		</property>
	</bean>

	<!-- 配置一个事务管理器 -->
	<bean id="transactionManager"
		class="org.springframework.orm.hibernate5.HibernateTransactionManager">
		<property name="sessionFactory" ref="sessionFactory" />
	</bean>

	<!-- 配置事务，使用代理的方式 -->
	<bean id="transactionProxy"
		class="org.springframework.transaction.interceptor.TransactionProxyFactoryBean"
		abstract="true">
		<property name="transactionManager" ref="transactionManager"></property>
		<property name="transactionAttributes">
			<props>
				<prop key="add*">PROPAGATION_REQUIRED,-Exception</prop>
				<prop key="modify*">PROPAGATION_REQUIRED,-myException</prop>
				<prop key="del*">PROPAGATION_REQUIRED</prop>
				<prop key="*">PROPAGATION_REQUIRED</prop>
			</props>
		</property>
	</bean>
</beans>  