<?xml version="1.0" encoding="UTF-8"?>
<beans xmlns="http://www.springframework.org/schema/beans"
	xmlns:xsi="http://www.w3.org/2001/XMLSchema-instance" xmlns:context="http://www.springframework.org/schema/context"
	xmlns:mvc="http://www.springframework.org/schema/mvc"
	xsi:schemaLocation="http://www.springframework.org/schema/beans   
    http://www.springframework.org/schema/beans/spring-beans.xsd  
    http://www.springframework.org/schema/context
    http://www.springframework.org/schema/context/spring-context.xsd 
    http://www.springframework.org/schema/mvc
    http://www.springframework.org/schema/mvc/spring-mvc.xsd">
    
    <!-- dao 和 service的配置 -->

	<bean id="userDao" class="com.sgm.daoImp.UserDaoImpl">
		<property name="sessionFactory" ref="sessionFactory"></property>
	</bean>

	<bean id="userServiceBase" class="com.sgm.serviceImp.UserServiceImpl">
		<property name="userDao" ref="userDao"></property>
	</bean>

	<bean name="userService" parent="transactionProxy">
		<property name="target" ref="userServiceBase"></property>
	</bean>

</beans>