<?xml version="1.0" encoding="UTF-8" ?>
<!DOCTYPE mapper PUBLIC "-//mybatis.org//DTD Mapper 3.0//EN" 
"http://mybatis.org/dtd/mybatis-3-mapper.dtd">

<mapper namespace="com.sgm.dao.UserDao">

	<resultMap type="User" id="resultListUser">
		<result column="id" property="id" />
		<result column="name" property="name" />
		<result column="password" property="password" />
	</resultMap>
	
	<insert id="addUser" parameterType="User" useGeneratedKeys="true"
		keyProperty="id">
		insert into user(name, password) values(#{name},
		#{password});
	</insert>

	<delete id="deleteUserById" parameterType="int">
		delete from user where
		id = #{id};
	</delete>

	<update id="updateUser" parameterType="User">
		update user set name = #{name}, password = #{password} where id = #{id};
	</update>

	<select id="getAllUsers" resultMap="resultListUser">
		select * from user;
	</select>

	<select id="selectUser" resultType="User">
		select * from user where name = #{name} and password = #{password};
	</select>
	
</mapper>